{
    "clinton":{
        "biden":{
            "mean":            9516.5084451474,
            "stderror":            1649.50340728118,
            "lower":            7237.40019231756,
            "upper":            12607.6758320816
        },
        "sanders":{
            "mean":            7259.06793326565,
            "stderror":            1285.92277386008,
            "lower":            4154.66934197932,
            "upper":            9415.02306368475
        },
        "warren":{
            "mean":            10641.7960160791,
            "stderror":            832.609782721974,
            "lower":            9391.02507461236,
            "upper":            12558.6770400968
        },
        "buttigieg":{
            "mean":            17660.0316405982,
            "stderror":            2044.35297465002,
            "lower":            14148.2676940657,
            "upper":            21415.0592971977
        },
        "klobuchar":{
            "mean":            17035.4119552271,
            "stderror":            1479.83269783567,
            "lower":            13793.8911931645,
            "upper":            19538.0186860575
        },
        "other":{
            "mean":            8563.38305443877,
            "stderror":            1294.16951639808,
            "lower":            5675.81788401782,
            "upper":            10598.4377696437
        },
        "nonvoters":{
            "mean":            8441.76439968252,
            "stderror":            2290.0860696129,
            "lower":            5157.31211607637,
            "upper":            12131.5720531633
        },
        "moved-out":{
            "mean":            14617.0365555613,
            "stderror":            2121.14157501202,
            "lower":            11097.7520356114,
            "upper":            18703.1975779659
        }
    },
    "sanders":{
        "biden":{
            "mean":            3400.21052377062,
            "stderror":            497.045990719941,
            "lower":            2524.71572576425,
            "upper":            4318.52483674095
        },
        "sanders":{
            "mean":            36030.1062285234,
            "stderror":            3982.94218838667,
            "lower":            28779.0009142176,
            "upper":            42587.2146663566
        },
        "warren":{
            "mean":            5733.46352944921,
            "stderror":            867.091819319516,
            "lower":            4355.43167201808,
            "upper":            7386.36743114498
        },
        "buttigieg":{
            "mean":            6576.11478901144,
            "stderror":            878.864322847917,
            "lower":            5017.53818232938,
            "upper":            8007.52156907386
        },
        "klobuchar":{
            "mean":            11265.6857952802,
            "stderror":            1098.2642431245,
            "lower":            8798.82204556908,
            "upper":            12739.6937598161
        },
        "other":{
            "mean":            5346.51367261485,
            "stderror":            1356.22230267925,
            "lower":            3640.00745688314,
            "upper":            8440.25010295643
        },
        "nonvoters":{
            "mean":            21739.0339779848,
            "stderror":            3812.6437237222,
            "lower":            16278.1357367272,
            "upper":            29615.1526507683
        },
        "moved-out":{
            "mean":            59270.8714833655,
            "stderror":            2013.27238790315,
            "lower":            54660.4165213659,
            "upper":            63076.6730795188
        }
    },
    "other":{
        "biden":{
            "mean":            2811.01362099259,
            "stderror":            327.732845259864,
            "lower":            2205.44601137078,
            "upper":            3407.02011346539
        },
        "sanders":{
            "mean":            11799.4054264942,
            "stderror":            1556.33587601121,
            "lower":            8770.42562592189,
            "upper":            14022.7878889853
        },
        "warren":{
            "mean":            4100.74518794767,
            "stderror":            304.01154340464,
            "lower":            3543.2055454499,
            "upper":            4625.08408660499
        },
        "buttigieg":{
            "mean":            18395.2050892583,
            "stderror":            1769.65604512101,
            "lower":            15538.2509745338,
            "upper":            21587.0139360749
        },
        "klobuchar":{
            "mean":            9251.19717484209,
            "stderror":            851.054672663872,
            "lower":            7406.03914271053,
            "upper":            11173.1236914352
        },
        "other":{
            "mean":            8554.07172606447,
            "stderror":            807.307686300873,
            "lower":            7322.46205813381,
            "upper":            10389.000774231
        },
        "nonvoters":{
            "mean":            40446.1806832971,
            "stderror":            1823.38837974239,
            "lower":            36888.4804274609,
            "upper":            43718.014912266
        },
        "moved-out":{
            "mean":            149752.181091103,
            "stderror":            2158.19914102126,
            "lower":            144783.930960422,
            "upper":            153287.651013793
        }
    },
    "nonvoters":{
        "biden":{
            "mean":            2720.75430389322,
            "stderror":            538.935546941941,
            "lower":            1745.84957434283,
            "upper":            3608.60020279283
        },
        "sanders":{
            "mean":            2886.88711708083,
            "stderror":            543.900993688064,
            "lower":            1811.69354468177,
            "upper":            3984.49339039866
        },
        "warren":{
            "mean":            1420.62143341238,
            "stderror":            232.780953752903,
            "lower":            915.789469725621,
            "upper":            1865.91977576211
        },
        "buttigieg":{
            "mean":            6510.13336411361,
            "stderror":            1036.50024211504,
            "lower":            4444.04117565212,
            "upper":            8062.11719172526
        },
        "klobuchar":{
            "mean":            4000.22379647272,
            "stderror":            634.982381363266,
            "lower":            2906.91195199785,
            "upper":            5182.28697068647
        },
        "other":{
            "mean":            7882.83560659687,
            "stderror":            1211.78363568854,
            "lower":            5087.26462398899,
            "upper":            9393.55576913336
        },
        "nonvoters":{
            "mean":            38365.3099823664,
            "stderror":            2827.23747652019,
            "lower":            34374.6754549921,
            "upper":            42914.1688828475
        },
        "moved-out":{
            "mean":            11781.2343960639,
            "stderror":            3977.67359099908,
            "lower":            6098.85925681427,
            "upper":            18695.6384581067
        }
    },
    "moved-in":{
        "biden":{
            "mean":            6037.04887989584,
            "stderror":            963.948694182253,
            "lower":            4778.3021820401,
            "upper":            8239.32198636671
        },
        "sanders":{
            "mean":            16963.5481338525,
            "stderror":            1986.26003078654,
            "lower":            13459.7930859739,
            "upper":            20992.9672807283
        },