{
  "clinton": {
    "biden": {
      "mean": 316103.961038176,
      "stderror": 7108.60219676245,
      "lower": 298889.766864659,
      "upper": 324555.99442527
    },
    "sanders": {
      "mean": 13980.134626124,
      "stderror": 1539.50913273019,
      "lower": 12368.9327699472,
      "upper": 18024.8452964935
    },
    "warren": {
      "mean": 4791.59753762293,
      "stderror": 1134.2162581513,
      "lower": 3442.44013945371,
      "upper": 7048.6626028532
    },
    "bloomberg": {
      "mean": 34413.868129291,
      "stderror": 1591.00597725767,
      "lower": 32071.6907815289,
      "upper": 37611.3067623998
    },
    "other": {
      "mean": 1072.11913347092,
      "stderror": 44.9415538435038,
      "lower": 998.610741205461,
      "upper": 1173.45189900533
    },
    "nonvoters": {
      "mean": 25828.9195357249,
      "stderror": 1746.15470214299,
      "lower": 23295.91994541,
      "upper": 29302.2333332648
    },
    "moved-out": {
      "mean": 88994.3999995906,
      "stderror": 4105.65944583777,
      "lower": 83612.9314633548,
      "upper": 98100.663616678
    }
  },
  "sanders": {
    "biden": {
      "mean": 29585.4183664219,
      "stderror": 2717.51887256396,
      "lower": 26769.9636078239,
      "upper": 35861.7043522313
    },
    "sanders": {
      "mean": 123100.267088007,
      "stderror": 5078.77049165266,
      "lower": 113130.755075649,
      "upper": 129384.396416703
    },
    "warren": {
      "mean": 54638.1936417813,
      "stderror": 1086.51239052892,
      "lower": 51429.6085497493,
      "upper": 56268.8828376908
    },
    "bloomberg": {
      "mean": 17741.7893122942,
      "stderror": 683.425676368528,
      "lower": 16730.1312811431,
      "upper": 19422.1752833136
    },
    "other": {
      "mean": 881.487124327551,
      "stderror": 33.7067687952815,
      "lower": 816.66756977476,
      "upper": 949.465785800231
    },
    "nonvoters": {
      "mean": 20105.8149795791,
      "stderror": 1873.05579651664,
      "lower": 17019.1162118767,
      "upper": 23029.8046197212
    },
    "moved-out": {
      "mean": 18516.0294875892,
      "stderror": 1049.54123220337,
      "lower": 16646.064005418,
      "upper": 20838.7317411948
    }
  },
  "other": {
    "biden": {
      "mean": 653.370895968329,
      "stderror": 34.766168886609,
      "lower": 578.902848234933,
      "upper": 707.312886998348
    },
    "sanders": {
      "mean": 753.565113187328,
      "stderror": 40.8152906550954,
      "lower": 686.570361163712,
      "upper": 815.835525134528
    },
    "warren": {
      "mean": 548.362551150393,
      "stderror": 20.4718646600995,
      "lower": 510.549996882206,
      "upper": 584.010203845628
    },
    "bloomberg": {
      "mean": 683.649825432082,
      "stderror": 26.5867298336382,
      "lower": 633.238288368521,
      "upper": 743.087892971215
    },
    "other": {
      "mean": 130.419773132566,
      "stderror": 7.60194243054592,
      "lower": 116.733220753242,
      "upper": 145.573907404255
    },
    "nonvoters": {
      "mean": 616.766306897194,
      "stderror": 26.5935282405284,
      "lower": 574.406501298229,
      "upper": 690.872425264564
    },
    "moved-out": {
      "mean": 420.865534232109,
      "stderror": 32.9807663191472,
      "lower": 361.359801914591,
      "upper": 475.292663533575
    }
  },
  "nonvoters": {
    "biden": {
      "mean": 9039.89406417977,
      "stderror": 3142.00867563567,
      "lower": 5024.04661164225,
      "upper": 16781.8292418291
    },
    "sanders": {
      "mean": 5715.35670381201,
      "stderror": 1008.47158742542,
      "lower": 4237.57002125192,
      "upper": 8100.56462647292
    },
    "warren": {
      "mean": 2643.67215022032,
      "stderror": 293.465529450795,
      "lower": 2227.00419708049,
      "upper": 3258.01407852447
    },
    "bloomberg": {
      "mean": 3162.70098881872,
      "stderror": 314.244783066056,
      "lower": 2828.10374306038,
      "upper": 4030.09702744513
    },
    "other": {
      "mean": 966.57700098388,
      "stderror": 36.3433822821384,
      "lower": 899.459938370157,
      "upper": 1036.10509252894
    },
    "nonvoters": {
      "mean": 276112.214266226,
      "stderror": 7801.22923653382,
      "lower": 257595.748432557,
      "upper": 284886.769152856
    },
    "moved-out": {
      "mean": 21990.5848257596,
      "stderror": 3250.04737766426,
      "lower": 17845.5420289186,
      "upper": 28783.9967158123
    }
  },
  "moved-in": {
    "biden": {
      "mean": 330030.0906143,
      "stderror": 1686.51936673681,
      "lower": 327022.786040401,
      "upper": 333432.024618868
    },
    "sanders": {
      "mean": 146526.151115448,
      "stderror": 2820.35585518111,
      "lower": 142273.232268434,
      "upper": 151202.151495176
    },
    "warren": {
      "mean": 67379.4403803765,
      "stderror": 1590.93602800849,
      "lower": 64570.7701495698,
      "upper": 69968.5160223485
    },
    "bloomberg": {
      "mean": 60666.8405704671,
      "stderror": 1606.46238850961,
      "lower": 56868.3501321369,
      "upper": 63223.4479145376
    },
    "other": {
      "mean": 1540.19950923442,
      "stderror": 51.5389840057094,
      "lower": 1464.97954627765,
      "upper": 1664.65269106226
    },
    "nonvoters": {
      "mean": 26737.4727933112,
      "stderror": 4586.24639372178,
      "lower": 22290.1436477166,
      "upper": 38692.1218586894
    },
    "moved-out": {
      "mean": 806901.805016862,
      "stderror": 7852.14668246188,
      "lower": 788666.76207173,
      "upper": 815929.766356655
    }
  }
}